{
    "r2": 0.9999066637207249,
    "mse": 66832036.61139465,
    "mae": 2206.0185600000027
}