{
    "r2": 0.9999022517268237,
    "mse": 69991178.37516797,
    "mae": 2295.2780800000014
}